"accesibilidad","","","",""
"accesible","","","",""
"accidente","","","",""
"adecuado","","","",""
"agencia","","","",""
"agente","","","",""
"agujero","","","",""
"ambiente","","","",""
"amenaza","","","",""
"amparo","","","",""
"anomalía","","","",""
"antivirus","","","",""
"apuñalamiento","","","",""
"asalto","","","",""
"asesinato","","","",""
"asesino","","","",""
"asilo","","","",""
"ataque","","","",""
"atentado","","","",""
"autenticación","","","",""
"autoridad","","","",""
"autorización","","","",""
"auxilio","","","",""
"bienestar","","","",""
"bioseguridad","","","",""
"bomba","","","",""
"brecha","","","",""
"cámara","","","",""
"certificado","","","",""
"cierre","","","",""
"cifrado","","","",""
"ciudadano","","","",""
"código","","","",""
"coerción","","","",""
"conducta","","","",""
"confianza","","","",""
"confidencialidad","","","",""
"confinamiento","","","",""
"contagio","","","",""
"contraespionaje","","","",""
"contramedidas","","","",""
"contraseña","","","",""
"control","","","",""
"coronavirus","","","",""
"corrupción","","","",""
"cortafuego","","","",""
"covid","","","",""
"covid-19","","","",""
"covid19","","","",""
"criminal","","","",""
"criminología","","","",""
"criptografía","","","",""
"criptología","","","",""
"crisis","","","",""
"daño","","","",""
"defensa","","","",""
"delincuencia","","","",""
"delito","","","",""
"democracia","","","",""
"derecho","","","",""
"detección","","","",""
"detective","","","",""
"ejército","","","",""
"emergencia","","","",""
"erupción","","","",""
"espiar","","","",""
"espionaje","","","",""
"estabilidad","","","",""
"estado de alarma","","","",""
"estrategia","","","",""
"fallo","","","",""
"falsificación","","","",""
"fiabilidad","","","",""
"fianza","","","",""
"firewall","","","",""
"firmeza","","","",""
"fraude","","","",""
"fuerza","","","",""
"garantía","","","",""
"guardia","","","",""
"hinundación","","","",""
"hinundaciones","","","",""
"hostil","","","",""
"huracán","","","",""
"hurto","","","",""
"identidad","","","",""
"identificación","","","",""
"impacto","","","",""
"incidencia","","","",""
"injerencia","","","",""
"inmunidad","","","",""
"inseguridad","","","",""
"inseguro","","","",""
"integridad","","","",""
"inteligencia","","","",""
"intranquilo","","","",""
"intruso","","","",""
"investigación","","","",""
"invulnerabilidad","","","",""
"jurídica","","","",""
"ladrón","","","",""
"legislación","","","",""
"ley","","","",""
"manipulación","","","",""
"militar","","","",""
"mortal","","","",""
"nivel","","","",""
"norma","","","",""
"obediencia","","","",""
"orden","","","",""
"parche","","","",""
"peligro","","","",""
"peligroso","","","",""
"petardo","","","",""
"policía","","","",""
"precariedad","","","",""
"precaución","","","",""
"prevención","","","",""
"privacidad","","","",""
"procedimiento","","","",""
"propagación","","","",""
"protección","","","",""
"protocolo","","","",""
"residuo","","","",""
"respaldo","","","",""
"riesgo","","","",""
"robo","","","",""
"sabotaje","","","",""
"salud","","","",""
"sano","","","",""
"seguridad","","","",""
"seguro","","","",""
"señalización","","","",""
"siniestro","","","",""
"socorrer","","","",""
"socorrista","","","",""
"terremoto","","","",""
"toque de queda","","","",""
"tornado","","","",""
"toxicidad","","","",""
"tranquilidad","","","",""
"tsunami","","","",""
"urgencia","","","",""
"vacuna","","","",""
"víctima","","","",""
"videovigilancia","","","",""
"vigilancia","","","",""
"vigilante","","","",""
"violencia","","","",""
"virus","","","",""
"vulnerabilidad","","","",""
